{"cameraMode":{"drawMode":0,"name":"Shaded","section":"Shading Mode"},"sceneLighting":false,"audioPlay":false,"sceneViewState":{"showFog":true,"showMaterialUpdate":false,"showSkybox":true,"showFlares":true,"showImageEffects":true,"showParticleSystems":true},"in2DMode":false,"pivot":{"x":0.3300168812274933,"y":-0.4652423858642578,"z":1.4141607284545899},"rotation":{"x":-0.020585082471370698,"y":0.5899385809898377,"z":-0.015045366249978543,"w":-0.8070455193519592},"size":13.902276992797852,"orthographic":false}