{"cameraMode":{"drawMode":0,"name":"Shaded","section":"Shading Mode"},"sceneLighting":false,"audioPlay":false,"sceneViewState":{"showFog":true,"showMaterialUpdate":false,"showSkybox":true,"showFlares":true,"showImageEffects":true,"showParticleSystems":true},"in2DMode":false,"pivot":{"x":-0.21064525842666627,"y":1.1885273456573487,"z":0.10053860396146774},"rotation":{"x":0.16501300036907197,"y":-0.15932713449001313,"z":0.0270201675593853,"w":0.9729623198509216},"size":6.5819268226623539,"orthographic":false}