{"cameraMode":{"drawMode":0,"name":"Shaded","section":"Shading Mode"},"sceneLighting":false,"audioPlay":false,"sceneViewState":{"showFog":true,"showMaterialUpdate":false,"showSkybox":true,"showFlares":true,"showImageEffects":true,"showParticleSystems":true},"in2DMode":false,"pivot":{"x":-1.1920928955078126e-7,"y":2.2535269260406496,"z":0.0034884512424468996},"rotation":{"x":-0.052575383335351947,"y":0.9413742423057556,"z":-0.17422007024288178,"w":-0.2840735912322998},"size":7.64562463760376,"orthographic":false}