{"cameraMode":{"drawMode":0,"name":"Shaded","section":"Shading Mode"},"sceneLighting":false,"audioPlay":false,"sceneViewState":{"showFog":true,"showMaterialUpdate":false,"showSkybox":true,"showFlares":true,"showImageEffects":true,"showParticleSystems":true},"in2DMode":false,"pivot":{"x":2.7881345748901369,"y":8.905460357666016,"z":-1.0961291790008546},"rotation":{"x":0.06957630068063736,"y":0.7067849040031433,"z":-0.07020071893930435,"w":0.7004899382591248},"size":21.198749542236329,"orthographic":false}