{"cameraMode":{"drawMode":0,"name":"Shaded","section":"Shading Mode"},"sceneLighting":false,"audioPlay":false,"sceneViewState":{"showFog":true,"showMaterialUpdate":false,"showSkybox":true,"showFlares":true,"showImageEffects":true,"showParticleSystems":true},"in2DMode":false,"pivot":{"x":19.29628562927246,"y":-7.330009460449219,"z":8.911235809326172},"rotation":{"x":-0.03060346469283104,"y":-0.804295003414154,"z":0.591983437538147,"w":-0.04157692566514015},"size":40.23362731933594,"orthographic":false}