{"cameraMode":{"drawMode":0,"name":"Shaded","section":"Shading Mode"},"sceneLighting":false,"audioPlay":false,"sceneViewState":{"showFog":true,"showMaterialUpdate":false,"showSkybox":true,"showFlares":true,"showImageEffects":true,"showParticleSystems":true},"in2DMode":false,"pivot":{"x":-3.630720615386963,"y":1.3118584156036378,"z":-0.8901116847991943},"rotation":{"x":0.004096467979252338,"y":-0.9863513112068176,"z":0.1627209335565567,"w":0.024826714769005777},"size":22.0,"orthographic":false}