{"cameraMode":{"drawMode":0,"name":"Shaded","section":"Shading Mode"},"sceneLighting":false,"audioPlay":false,"sceneViewState":{"showFog":true,"showMaterialUpdate":false,"showSkybox":true,"showFlares":true,"showImageEffects":true,"showParticleSystems":true},"in2DMode":false,"pivot":{"x":-4.739081382751465,"y":-3.3275129795074465,"z":13.216668128967286},"rotation":{"x":0.3017502427101135,"y":0.6982356309890747,"z":-0.45646750926971438,"w":0.4615747928619385},"size":46.260990142822269,"orthographic":false}