{"cameraMode":{"drawMode":0,"name":"Shaded","section":"Shading Mode"},"sceneLighting":false,"audioPlay":false,"sceneViewState":{"showFog":true,"showMaterialUpdate":false,"showSkybox":true,"showFlares":true,"showImageEffects":true,"showParticleSystems":true},"in2DMode":false,"pivot":{"x":-3.3631887435913088,"y":-1.3105359077453614,"z":-0.6604700088500977},"rotation":{"x":-0.1599443554878235,"y":0.4116157293319702,"z":-0.07362685352563858,"w":-0.8941863775253296},"size":12.966320037841797,"orthographic":false}