{"cameraMode":{"drawMode":0,"name":"Shaded","section":"Shading Mode"},"sceneLighting":false,"audioPlay":false,"sceneViewState":{"showFog":true,"showMaterialUpdate":false,"showSkybox":true,"showFlares":true,"showImageEffects":true,"showParticleSystems":true},"in2DMode":false,"pivot":{"x":19.29628562927246,"y":-7.330009460449219,"z":8.911235809326172},"rotation":{"x":0.12160111963748932,"y":-0.8527107834815979,"z":0.45373016595840456,"w":0.22853131592273713},"size":40.23362731933594,"orthographic":false}