{"cameraMode":{"drawMode":0,"name":"Shaded","section":"Shading Mode"},"sceneLighting":false,"audioPlay":false,"sceneViewState":{"showFog":true,"showMaterialUpdate":false,"showSkybox":true,"showFlares":true,"showImageEffects":true,"showParticleSystems":true},"in2DMode":false,"pivot":{"x":4.856019496917725,"y":-14.011219024658204,"z":-14.526351928710938},"rotation":{"x":0.011690614745020867,"y":-0.9114915728569031,"z":0.4103318154811859,"w":0.025967979803681375},"size":59.575950622558597,"orthographic":false}