{"cameraMode":{"drawMode":0,"name":"Shaded","section":"Shading Mode"},"sceneLighting":false,"audioPlay":false,"sceneViewState":{"showFog":true,"showMaterialUpdate":false,"showSkybox":true,"showFlares":true,"showImageEffects":true,"showParticleSystems":true},"in2DMode":false,"pivot":{"x":-3.6924242973327638,"y":1.2316453456878663,"z":-1.2657265663146973},"rotation":{"x":0.021192846819758416,"y":0.975360095500946,"z":-0.19112268090248109,"w":0.10814668983221054},"size":24.42206573486328,"orthographic":false}