{"cameraMode":{"drawMode":0,"name":"Shaded","section":"Shading Mode"},"sceneLighting":false,"audioPlay":false,"sceneViewState":{"showFog":true,"showMaterialUpdate":false,"showSkybox":true,"showFlares":true,"showImageEffects":true,"showParticleSystems":true},"in2DMode":false,"pivot":{"x":-8.931082725524903,"y":-9.370925903320313,"z":-3.366363525390625},"rotation":{"x":0.27869564294815066,"y":-0.16463807225227357,"z":0.04855925589799881,"w":0.9449154138565064},"size":44.464725494384769,"orthographic":false}