{"cameraMode":{"drawMode":0,"name":"Shaded","section":"Shading Mode"},"sceneLighting":false,"audioPlay":false,"sceneViewState":{"showFog":true,"showMaterialUpdate":false,"showSkybox":true,"showFlares":true,"showImageEffects":true,"showParticleSystems":true},"in2DMode":false,"pivot":{"x":-3.5762786865234377e-7,"y":2.7043652534484865,"z":0.008803009986877442},"rotation":{"x":-0.17754261195659638,"y":0.010633920319378376,"z":-0.0019185481360182167,"w":-0.9840537905693054},"size":9.98580551147461,"orthographic":true}