{"cameraMode":{"drawMode":0,"name":"Shaded","section":"Shading Mode"},"sceneLighting":false,"audioPlay":false,"sceneViewState":{"showFog":true,"showMaterialUpdate":false,"showSkybox":true,"showFlares":true,"showImageEffects":true,"showParticleSystems":true},"in2DMode":false,"pivot":{"x":0.0,"y":1.1019999980926514,"z":3.3299999237060549},"rotation":{"x":0.18934887647628785,"y":-0.002663453109562397,"z":0.0005141185829415917,"w":0.9819061756134033},"size":2.8578836917877199,"orthographic":true}